<?xml version="1.0" encoding="utf-8" standalone="yes"?>
<rss version="2.0" xmlns:atom="http://www.w3.org/2005/Atom">
  <channel>
    <title>About on Sagar Kapoor</title>
    <link>https://sgrkapoor.github.io/Portfolio/about/</link>
    <description>Recent content in About on Sagar Kapoor</description>
    <generator>Hugo -- gohugo.io</generator>
    <language>en-us</language><atom:link href="https://sgrkapoor.github.io/Portfolio/about/index.xml" rel="self" type="application/rss+xml" />
  </channel>
</rss>
